benefit_plan_id,plan_name,plan_year,effective_date,expiration_date,plan_type,deductible_individual,oop_max_individual
BP-01-2024,PPO Choice,2024,2024-01-01,2025-01-01,PPO,1500,5000
BP-01-2025,PPO Choice,2025,2025-01-01,2026-01-01,PPO,2500,3000
BP-01-2026,PPO Choice,2026,2026-01-01,2027-01-01,PPO,500,3000
BP-02-2024,HMO Value,2024,2024-01-01,2025-01-01,HMO,1500,3000
BP-02-2025,HMO Value,2025,2025-01-01,2026-01-01,HMO,1000,3000
BP-02-2026,HMO Value,2026,2026-01-01,2027-01-01,HMO,500,8000
BP-03-2024,EPO Select,2024,2024-01-01,2025-01-01,EPO,2500,3000
BP-03-2025,EPO Select,2025,2025-01-01,2026-01-01,EPO,1000,3000
BP-03-2026,EPO Select,2026,2026-01-01,2027-01-01,EPO,2500,3000
